Name,Age,Email,Join Date,Salary
Jacob Martinez,53,butlerrhonda@dominguez.net,2022-04-10,95744
John Lee,25,andrea13@turner.com,1999-04-10,64035
Denise Chen,23,gthompson@lawrence-oliver.com,1978-12-04,61355
Brian Gutierrez,29,audrey42@chavez.com,2016-09-27,82780
James Fleming,35,johnsoncody@gmail.com,2012-02-09,53796
Lindsey Payne,23,michael74@hotmail.com,1997-04-28,44779
Chad Walsh,50,julia56@hotmail.com,1974-05-24,67763
Casey Wells Jr.,27,deanna98@sanders.info,2008-03-22,57533
Karen Blankenship,21,amybrown@gmail.com,2014-06-30,97093
Zachary Wright,44,brittanyortiz@hill-smith.com,1995-11-22,39647
