Name,Age,Email,Join Date,Salary
Louis Callahan,55,weaverkelly@gonzalez.net,2011-07-13,90116
Keith Bell,33,mendozajerry@hotmail.com,1974-08-07,49511
Melissa Thomas,54,yharris@yahoo.com,1971-04-28,75127
Jennifer Keller,40,stephensjohn@steele.com,1973-09-21,73647
Roy Green,54,dalebell@aguirre.info,1991-02-22,72521
James Robertson,22,melissabush@knight.info,1986-04-28,40822
John Knox,52,aaronsmith@gmail.com,2008-11-30,31341
Nicholas Casey,28,josephmurphy@hotmail.com,2019-07-28,94104
Michael Martinez,24,jessicaarnold@gmail.com,1990-05-21,50352
Kenneth Tucker,37,ustark@long.info,2007-03-06,93888
