Name,Age,Email,Join Date,Salary
Robert Becker,27,khunter@gmail.com,1977-07-24,96400
Mark Forbes,59,oliviapark@evans-alvarado.com,1980-01-20,99139
Stacy Sanders,20,ivan70@hotmail.com,2003-08-02,40527
Jonathan Ortiz,29,robert53@gross.org,2017-12-29,96144
Jennifer Webb,52,rosekaitlyn@russo.com,1981-01-10,42009
Jennifer Morrison,60,greenalicia@gmail.com,1981-07-09,60019
Joshua Cox,27,amanda96@holt.biz,1994-02-15,61173
Corey Middleton,42,jenniferlogan@johnson-watts.info,2011-09-22,98494
Kayla Fields,57,savannah68@mckenzie.com,2020-01-09,61816
Dwayne Maynard,48,morenosarah@hernandez.net,1987-03-19,64379
