Name,Age,Email,Join Date,Salary
Dylan King,52,oaustin@young.org,1997-12-04,30489
Marcus Keith,51,todd26@hotmail.com,1999-04-25,61504
Andrea Archer,51,amanda28@morris.net,2023-03-22,40110
Monica Kirk,29,mackenziebarton@king.com,1980-04-21,64190
Lindsay Williams,48,ohansen@yahoo.com,2016-08-11,44100
Trevor Baxter,50,cortiz@hotmail.com,1980-08-31,82473
Lisa Burch,22,thomasjulian@yahoo.com,1984-08-28,51967
Ronald Shaffer,37,criggs@yahoo.com,1984-01-07,61317
Crystal Shannon,44,christopher35@flynn.org,1983-06-30,65767
Kevin Roach,20,bowmanalicia@yahoo.com,1983-02-09,58406
