Name,Age,Email,Join Date,Salary
Katherine Allen,22,fowleramanda@gmail.com,1979-05-31,40357
Thomas Wheeler,46,renee80@huynh.com,1980-04-15,49761
Claire Santiago,60,austinmiller@fox.biz,2021-08-19,64677
John Bean,35,kristinhancock@brown.com,2024-08-18,95402
Nicholas Anderson,38,tonyzimmerman@ferguson.org,2017-05-23,68472
Michael Hernandez,32,melissaramirez@ramsey.biz,2011-01-07,50365
Meghan Anderson,56,anthonydaniel@yahoo.com,2004-11-06,61245
Justin Miranda,49,igregory@yahoo.com,1983-09-27,56331
Lori Ramos,34,steven25@soto.com,2003-01-02,33356
Sandra Scott,25,michelle44@hotmail.com,1979-12-30,53296
