Name,Age,Email,Join Date,Salary
Karen Ortiz,34,stacey71@gmail.com,1978-11-09,94561
Stephanie Bernard,52,canderson@anderson-barton.com,2017-05-14,36391
Justin Burke,36,myersmichael@yahoo.com,1975-07-16,55850
Ruben Sutton,37,craigrodgers@yahoo.com,2018-12-05,35321
Samantha Jones,44,ingramthomas@yahoo.com,2020-04-11,53908
Elizabeth Hatfield,21,deanbradley@yahoo.com,1997-09-12,41988
Matthew Wilson,38,mariawatkins@jordan.com,1976-08-05,58405
Susan Garcia,44,apittman@gmail.com,1974-11-30,95609
Melanie Fuller,31,carrillodebra@james.com,1975-11-12,89708
Spencer Jordan,32,amy75@hotmail.com,1992-03-05,92541
