Name,Age,Email,Join Date,Salary
Brandi Chambers,26,leslieperez@gmail.com,2022-11-12,62052
Elizabeth Ayala,54,griddle@brown.info,2023-05-27,31100
Jamie Smith,50,cindy96@benitez-morris.info,1988-03-19,94140
Mr. Jeffrey Wells MD,39,seansanchez@hotmail.com,1990-12-20,96501
Andrea Murphy,38,ejohnson@gmail.com,1971-11-08,57662
John Thomas,21,vjackson@hotmail.com,2005-12-27,39493
Daniel Brown,53,gjones@jordan.com,2009-10-14,70882
Caitlin Bell,21,cindy26@gmail.com,1970-03-05,36367
Megan Hunt,53,sromero@yahoo.com,1986-11-02,32136
Dr. Melanie Anderson DDS,24,kylemontgomery@gmail.com,2006-12-02,57735
