Name,Age,Email,Join Date,Salary
Stacy Griffin,45,fzamora@walton-howe.com,1970-01-09,64871
Jordan Dickerson,58,zwhite@gmail.com,2015-02-07,48607
Joseph Allen,23,courtneyhunt@gmail.com,2007-10-22,88514
Amber Lee,34,mcmahonscott@gmail.com,1991-02-19,72532
Tiffany Cunningham,21,ericawilliams@waller-mcmillan.com,1993-04-01,40260
William Hurst,21,clarkchristopher@peck.net,1987-09-05,61096
Rhonda Thompson,46,robert90@hotmail.com,2010-05-15,60016
Theresa Anderson,27,fcarlson@yahoo.com,2015-01-29,30111
Danny Hill,26,traceyortega@hotmail.com,1976-03-26,84179
Jeremiah Heath,31,margaret50@hall.com,2010-02-17,66037
