Name,Age,Email,Join Date,Salary
Kelsey Strong,56,brian23@jones.com,1980-06-05,86577
Terry Diaz,34,andrewjohnson@herrera.info,1976-05-21,56651
Rhonda May,53,tfuller@gmail.com,2021-02-24,41870
Heidi Martinez,60,martinezmichael@barnett.net,1986-06-13,37584
Kathleen Taylor,58,morrisjulie@jones.com,1987-06-13,41366
Christine Gutierrez,33,smithvictoria@myers.biz,1986-12-08,89683
Tammy Osborn,50,nicholas82@hotmail.com,2005-03-19,79425
David Martinez,53,matthew43@white-woods.info,1979-07-01,91486
Anne Foster,26,stephanie17@jimenez.com,1991-11-07,73509
Brooke Snyder,34,bobbyflores@hotmail.com,2004-11-03,30655
