Name,Age,Email,Join Date,Salary
Scott Rosales,51,ricejennifer@hernandez.net,1992-01-02,43097
Emily Peterson,35,anthony02@hotmail.com,1989-04-22,64345
Dominique Winters,46,nfigueroa@hotmail.com,2012-11-12,53651
Nathan Bowers,30,amanda23@marquez-luna.com,1988-10-18,65558
Christopher Brown,46,stuartward@yahoo.com,2008-02-14,33079
Mr. Mitchell Pope II,23,nicholas01@hotmail.com,1984-07-21,72153
Jay Flores,57,ycarter@hotmail.com,1992-12-10,34135
Samantha Lopez,34,xrollins@hunter-erickson.com,2008-11-26,45452
Tricia Ayers,58,john85@parker-morgan.com,2002-03-24,82380
Cindy Lewis,36,jennaeaton@thompson.info,1993-11-17,83980
