Name,Age,Email,Join Date,Salary
Zachary Pollard,33,vmichael@harris.com,1994-06-19,88026
Jill Salazar,23,qperez@johnson-cross.net,2002-03-04,75023
Roberto Jones,32,joshua45@hanna-white.com,1982-06-06,44102
Catherine Navarro,34,xchaney@brown.com,1986-02-01,68592
Alexandra Vincent,29,hernandezscott@mcbride.net,1992-12-03,70056
Meghan White,20,melissa87@morris.com,1997-05-16,70804
Bailey Larson,57,mirandaclay@goodman.info,2012-01-03,83136
James Hensley,45,richardmoore@olson.com,1974-02-05,50148
Jonathon Bush,48,charles50@franklin.net,2003-04-26,95246
Savannah Cox,33,barbarachapman@hernandez.com,1991-12-07,47459
