Name,Age,Email,Join Date,Salary
William Werner,twenty-five,none,1994-04-13,
Donald Parks,52,invalid@,,USD 50k
John Owen,59,none,yesterday,"$99,500"
Curtis Bailey,,none,32-13-2020,"$59,045"
Brandon Barton,twenty-five,stephanie59@schmidt.biz,32-13-2020,unknown
Yolanda Conway,twenty-five,invalid@,yesterday,unknown
Angie Johnston,N/A,rwarren@hotmail.com,32-13-2020,0
Miss Rebecca Cameron,twenty-five,invalid@,,
Dylan Stephens,twenty-five,omarsh,1975-03-03,unknown
Taylor Maxwell,,invalid@,1971-05-04,"$80,639"
