Name,Age,Email,Join Date,Salary
Brandi Chambers,,troycherry,32-13-2020,0
Elizabeth Ayala,,none,32-13-2020,
Jamie Smith,N/A,invalid@,,unknown
Mr. Jeffrey Wells MD,twenty-five,libarra,,USD 50k
Andrea Murphy,53,steven59@gmail.com,,0
John Thomas,20,davismichael@baker.net,2005-10-02,unknown
Daniel Brown,twenty-five,robinsoncarol@hotmail.com,32-13-2020,0
Caitlin Bell,,angela13@ayala.com,,0
Megan Hunt,42,johnsonmatthew,yesterday,USD 50k
Dr. Melanie Anderson DDS,twenty-five,tony27@owens.com,2018-11-25,"$33,133"
