Name,Age,Email,Join Date,Salary
Robert Schmidt,N/A,none,32-13-2020,USD 50k
Mary Morales,,none,32-13-2020,"$56,665"
John Clark,twenty-five,none,1984-11-30,USD 50k
Michael Carney,twenty-five,invalid@,32-13-2020,0
Lauren Kaiser,twenty-five,jasonharrell@norris.com,yesterday,"$88,013"
Mark Shelton,N/A,invalid@,32-13-2020,USD 50k
Kyle Beasley,twenty-five,,2010-02-06,
Dawn Ford,N/A,john69@yahoo.com,32-13-2020,USD 50k
Chase Sherman,44,none,32-13-2020,USD 50k
Laura Hill,N/A,silvadeanna@james-trevino.com,32-13-2020,USD 50k
